Negative_words,Frequency
,224
reasonable,5
inform,5
4s,60
status,6
disgusting,3
antenna,8
hoursi,3
believing,1
brick,2
try,28
explaination,1
pleased,2
caharger,1
windows,2
horribleeee,1
toggle,1
electronics,5
verizion,1
wrapping,3
bussiness,1
upall,3
folks,1
latin,3
st,4
haven't,17
game,5
satisfaction,1
recently,5
trayi,1
storewhen,1
added,6
mutumbo,1
physical,8
screw,4
material,1
i-anythingi,1
nose,1
effort,4
ya,2
luego,1
week,56
behavior,1
ranging,1
issue,15
garantia,1
minutesï¼Œcharging,1
observed,2
things,30
shoddy,3
reception,15
f'n,1
saved,5
youtube,1
owning,3
sorrybut,2
14,5
faintly,1
couldnt,5
chat,1
greatit,1
simple,7
trouble,38
slow2,1
unfortunate,5
battery's,2
gs,1
myselfwish,1
intese,1
anyway,10
operating,2
1440,1
favour,1
100-0,1
dayle,1
1037,1
issuesi,1
microsim,3
40-50%,3
12%,1
sellerso,2
that's,16
010,1
hand,7
also,126
threadbare,1
smelling,1
answered,2
sitting,2
clear,13
timedate,2
thatdue,1
finally,25
expected,115
goodnice,1
ripped,3
percentage,4
surprises,2
broken,95
sub,3
verzion,1
swipe,4
reviews,42
alimentaciÃ³n,2
advise,1
restarted,3
huge,4
rendered,1
introduction,1
including,4
unusablewill,1
attitude,1
circuitry,2
texts,23
metaphorically,1
sounded,6
wasome,1
screws,7
similari'm,1
justify,2
play,17
beautiful,1
help,32
tooand,1
hear,58
whaiting,1
streamed,1
anymore,17
failing,7
guess,18
ithowever,2
woman,2
phonebut,1
reverse,2
invalid,1
sooner,5
internet,33
applestore,1
plans,3
drops,5
side,22
dejo,1
mms,2
match,13
lock,22
activation,10
nelson,1
duplicate,6
advertised,43
completly,1
1095,1
communications,1
protect,1
virgin,1
sits,6
refurbishedand,2
50%,1
horrendous,2
refurbishedit,1
proove,1
dad,3
micro-sd,1
bulls,2
started,51
3-4,2
flowers,2
concise,3
story,4
notice,10
die,18
turns,15
always,21
unsolvedsorry,1
philippines,2
want,78
write,11
describedalthough,1
phoneall,2
guaranteed,2
connectedthe,1
thread,1
desperately,5
mother,2
chocolate,1
emailed,5
purchased,69
minutes,31
icon,6
nokiacom,1
scratdhed,1
sealed,8
reopen,2
previous,20
thisas,1
tabzaniaand,4
hue,1
allow,6
read,25
hurt,4
pieces,1
dem,3
offs,1
iphonei,1
malfunctions,3
3,75
mattersbased,1
80,6
spent,38
dim,1
eye,2
short,9
disappointing,36
method,5
medmedia246,1
lacked,1
nightmare,2
future,1
brown,2
8,14
opening,3
ask,4
specific,1
goodit's,4
locks,2
virtually,1
he's,4
whose,1
quit,5
prime,5
5-7,3
ownersi,2
usa,10
late,81
battling,1
understandable,1
wife's,3
reports,1
hopes,3
reaction,2
refurb,2
pocket,17
cleaning,1
questions,3
overheatsi,1
card,107
put,41
"""upgrade""",1
usedeven,3
handsi,1
department,2
apps,59
2015by,1
agent,1
30sec-1min,2
battery,424
show,1
piece,27
bluetooth,14
wants,3
thrice,2
clearly,11
print,1
bday,4
furter,1
unlocked-,2
nor,16
used-good,1
multiple,17
offandroid,1
considereing,1
against,3
control,3
eg,1
copy,1
inconvinience,1
terriblei,1
upset,14
unreliable,3
destroyed,1
speakershad,1
reheated,4
motorola,1
phone,1978
model,11
fi,4
video,13
playlist,1
earbuds,3
paperwork,1
argue,1
let's,1
son,36
proffesionale,2
imei,19
slight,4
complained,4
portion,2
customer,41
deivis,1
refuses,2
snaps,4
lollipop,4
green,4
helping,4
ear,13
personal,3
decent,11
disappointed,223
3weeks,1
vehicle,1
legitimatethe,2
reviewshowever,1
quote,2
resonable,2
like,199
thing,48
might've,1
tired,8
throws,1
2013,8
brittle,1
10,14
$23000,1
stuttering,1
spoken,1
surfing,1
linked,1
whack,2
2014,6
troubleshooting,1
wi-fi,10
smart,8
unfortunately,21
hone,3
asks,1
describe,1
"opened""",2
hace,1
mysteriously,1
someone,37
30what,1
shutter,1
yearned,1
hangingseems,4
rolling,1
head,4
no-brainer,1
thisthis,3
service,71
bane,1
antes,1
therefore,9
mexico,2
unblock,3
messages,18
"ever""",1
addition,5
changes,2
remain,2
concerned,5
paperclip,2
police,2
fatlet,1
bribe,2
i'd,17
knowledge,1
claimed,5
berunnin,1
ago,31
prevent,3
tremendously,1
ota,1
hey,2
credited,2
mom's,1
rocks,1
determined,4
prpaid,3
used,115
sprintand,1
begged,1
fingers,1
china,10
buyers,1
stupid,11
thinking,14
takes,7
itstarting,2
temporary,1
perhaps,5
likes,3
67,1
wound,2
informa,1
evident,2
beware,12
business,13
authorize,1
chip,3
media,5
worht,1
stress,1
problems,55
boots,1
20,10
early,9
ss,2
unlocking,15
facts,2
experience,28
datos,2
employees,1
0,8
downgrade,1
truly,4
fo,1
specs,1
loved,3
blocked,8
slipping,1
today,22
burn,1
practically,4
bank,1
cords,2
stick,3
countless,3
usb,12
smashed,1
desperate,4
wireless,15
ringtones,2
$35,1
4,88
choices,2
college,1
dishonesty,1
responsibility,1
whatever>,1
selected,1
ad,7
waist,2
charger,125
excuse,3
kinks,1
north,1
sales,2
"""brand",4
minimum,3
bag,2
february,4
radiated,2
herevery,1
external,2
re-sellers,1
complaint,15
bussness,1
though,45
entire,6
glad,1
alsomuch,2
remains,2
design,4
sister,3
annoying,19
assembled,2
9,9
bear,1
betry,3
hot,7
"""the",1
beginner,1
vietnam,1
upgraded,1
close,11
fairly,2
car,6
moneyshows,1
arriving,2
advertisement,9
weight,1
worn,13
value,8
jumping,1
"""restocking",2
previously,4
turbo,2
waste,114
iphonethat's,1
gear,1
unscrupulous,2
phonesthere,1
ringtone,3
comando,1
constant,5
reviewers,1
reliable,7
quite,12
blows,2
listening,6
160,1
refurbished,90
exits,1
originanl,2
sides,7
gona,3
buyer,6
applicable,1
disengaged,1
jail,4
all-in-all,2
calling,18
suministro,2
closes,2
scared,2
el,9
changing,11
47,3
we'll,2
kinda,4
hrthe,1
small,26
note,5
loudes,1
reviewyou,1
que,13
disguised,1
dealt,2
idea,4
10gbs,1
level,1
dream,1
blazing,1
"herpes""",1
beaten,5
afford,7
cardsim,1
shows,8
marring,3
processor,1
busyness,2
buying,53
filed,3
's,1
"""refurbished""",15
recognize,10
ringer,2
weeks,70
tape,1
results,1
belief,1
contacted,21
android,23
according,5
minecraft,1
30%the,2
brings,2
nowi,3
pound,2
broke,35
opted,1
shouldn't,2
81%,1
downloaded,6
friend,12
start,18
recalled,2
repeat,1
advice,1
4reviewer,1
regarding,1
absolute,5
resolve,1
labeli,2
white,31
waisted,1
suspicions,1
vermont,1
11th,1
$190,5
shown,4
showed,6
knob,1
attempt,2
locate,1
currency,2
electricaly,1
negated,1
att,8
uninspired,1
publicaron,1
necessarily,1
anything,55
7hr,1
promise,3
disappointment,15
helloi,1
approximately,2
mystery,1
slowly,13
tweaked,1
reparado,1
fully,17
throughconclusion,1
25th,1
newbattery,1
life--3,1
bastante,1
ontime,1
batteryit,1
defect,5
soldered,1
eat,1
menu,3
jam,2
settings,12
saler,1
apples,5
blurred3,2
chosen,1
trailed,2
stripes,1
running,14
e-mail,6
position,2
phonekmd,1
maintained,2
situationand,2
recognized,3
turnt,1
mistake,19
timeframe,1
spend,18
fair--all,1
"""black",1
hoping,3
distant,1
flickering,1
freezes,15
guarantee,4
incorrect,3
kolloffel,1
disabled,1
password,8
removed,2
refurbixhed,2
love,13
users,4
pressed,4
dident,2
associate,1
didint,1
holds,5
\,1
aftter,1
dual,5
worksalthough,1
no,276
splashes,1
refund,57
stutters,1
problemthe,1
definitely,25
middle,13
active,5
learns,1
misliding,1
disgusted,3
5m41,1
2010,3
rescent,1
lighti,1
ram,2
office,2
damp,2
case-,2
memory,10
wireoviai,2
nope,1
towards,1
snapfoncons,1
wanna,3
suffers,1
multitask,1
offnot,1
playerbackground,1
luck,6
29,2
bs,4
letting,2
miserably,1
2nd,2
inoperable,1
case,33
supporting,2
cricket,2
>30,1
avant,2
showing,1
thinks,1
real,10
faired,1
high,15
wished,3
lesson,2
monument,1
faulty,11
hit,11
alarmwhen,1
ridiculous,1
monday,3
"""invalid",2
move,2
qualified,4
dismay,1
indirectlynot,3
america,8
responds,2
nyc,1
trackball,1
okit,1
identifier,1
reminder,2
reply,4
lowlight,1
getting,45
pdf,1
saying,13
cat,2
box2,1
unscratched,1
else,23
range,1
onis,1
self,11
waterproof,1
qwertydependabletraditional,1
screenshot,1
handed,1
expires,1
evalue,1
orange,1
videos,11
red,4
classified,3
became,8
recipients,3
within,40
existence,1
freezing,9
update,12
revived,1
opened,12
flimsy,1
severina,1
tap,1
2015,3
address,1
child,2
bahamas,1
hoped,2
camara,2
inserted,6
brisk,1
parte,1
stalls,1
whatsoever,5
impossiblethe,1
sluggish,2
netowrk,1
hesitates,1
specialized,1
board,3
apple,199
app,20
popped,6
crazy,9
precio,1
seal,1
fix,34
certain,5
conned,1
binding,2
wast,1
impact,2
hardly,11
lives,1
avail,4
free,6
phonereally,2
"packaging""just",2
warranted,2
80+,2
circumstances,2
center,17
number,34
"only""",1
spain,1
unlike,2
screenthen,2
horribe,2
flashes,1
messenger,1
matches,1
poora,1
hide,1
scum,1
backup,6
motherhowever,1
se,5
worki,4
originally,4
terribly,6
whenhalf,2
esn,5
300,1
repairs,4
workingreally,2
it',2
cheaply,3
shops,3
insert,12
glass,12
fit,6
pinch,1
oem,2
cry,1
shortly,3
s4,3
250,1
semi,1
pattern,2
proved,1
reimbursed,1
tootroubleshooting,1
asap,7
longtime,1
set,23
phones'durableeasy,1
great,35
copied,3
separate,1
fishy,1
let,15
300megabytes,1
deactivate,1
slow,119
delay,1
11,2
ho,1
sims,2
$150,1
blank,4
companies,3
redirecting,1
cleaned,1
confused,1
isolated,1
widely,1
fcc,1
login,3
wich,1
ceased,2
wasreported,1
dealers,1
slotd,1
cable,27
accept,7
emails,15
itwhen,2
king,1
keep,29
works,91
written,6
returning,34
drive,3
becomes,2
1st,1
group,2
slim,2
sockets,3
blu,2
standy,2
30$,1
operate,6
made,40
months,100
square,1
pickings,1
diagnosis,1
connecting,3
grateful,1
embarrassingthe,1
punch,1
businessmen,1
restart,9
directions,3
box,65
rob,1
delivery,8
500,1
un-certified,1
sorpresa,1
lit,1
suffering,1
alarms,1
western,1
sprintit,1
dig,1
zip,1
semanas,1
recharging,3
elderly,1
iphones,24
qccidetly,1
ğŸ˜ğŸ˜,1
insane,1
official,2
mispelled,2
hr,4
maps,4
date,17
confusing,3
serial,19
replaced,28
frustrated,13
$3999,1
dark,6
specifications,1
unbeatable,1
assumei,1
reads,8
terrific,1
storage,10
avoided,1
honesty,1
handle,4
won't,64
incredibly,2
buyspry,4
spot,1
unlockedbut,3
prodcuto,1
stolenlost,1
total,23
"accessories""",1
default,4
2,82
shouted,1
22016,2
notifications,5
bomb,1
mine,21
momths,2
peddling,1
refurbishment,1
whether,5
standard,5
signal,30
overseas,9
$200,10
apparent,2
ill,2
bucks,2
song,3
bubbles,1
chargerdoesn't,1
generations,1
see,38
shooting,3
non,5
recovery,2
soon,32
lasts,10
insertedtheir,1
morning,2
justin,3
edgebad,1
plague,1
viewing,2
bump,1
apartment,1
unlockablei,1
language,7
resolution,2
odds,3
world,2
amount,10
diagnostic,3
batery,3
$199,2
unable,60
paperweight,3
gd,1
gave,37
device,55
manner,1
course,11
xmas,1
openly,1
courrier,1
shots,3
shrink,2
like-,1
idol,1
request,4
switched,5
favor,5
credit,9
given,15
framily,1
messaging,3
reveals,1
couldnot,1
thinkig,1
genre,1
fuss,3
know,77
celular,1
products,18
ghost,2
crajed,1
tasks,1
speak,5
lick,1
iphonedo,2
deals's,1
productno,1
wretched,1
chances,3
40%,7
ring-,2
penetration,1
dayoverall,1
dudes,2
slide,2
meamazon,1
shop,8
receives,5
gb,19
cycles,4
lost,32
fiancÃ©e,1
doubt,2
plate,1
unlocked,157
favorable,1
dorsn,2
shenzhen,1
owned,8
cardon,1
thanks,9
clue,1
trip,7
sufficient,1
capacity,3
batteries,6
never,115
galaxy,10
a-ok,1
billed,1
broad,1
amozon,4
reminded,1
carefully,6
dec2014,1
secondly,2
mgp,1
bill,4
deployment,2
advance,2
key,11
display,7
gps,5
headaches,3
conection,1
ways,3
missing,34
packaging,14
purchasesi,2
blurred,1
rings,2
original,29
jaunt,1
glue,1
maybe,17
andriodhave,1
kid's,1
detailhe,1
ready,2
venezuela,12
survive,1
coming,12
gifted,3
craftsmanshipavoid,1
brokei,2
cornersi,1
6,23
therefor,2
menu'snot,1
elppa,2
apathetic,1
flip,4
irritated,2
megapixel,1
created,1
4-,3
frustration,2
outcome,1
toward,1
bordering,2
pixelwhite,1
thou,1
i'll,12
ignorant,1
country,9
originalthe,2
loove,1
recommending,3
steps,1
symbols,1
described,24
re-plug,2
vs,1
frim,1
rank,1
recieve,3
horrible,77
wrapped,1
45,3
communicating,3
e-mailed,1
sc,1
chariot,2
chargeraccessories,2
cheater,1
disabling,1
end,33
reconditioned,1
i've,43
unvalid,1
cali-wholesalethe,1
charginga,1
soluciÃ³n,2
adress,2
water,17
funds,2
bummer,2
badtook,3
5th,1
returns,2
open,29
45%,1
site,5
working,139
code,8
40%you,1
stepsister,1
shacking,1
450,1
another,75
angry,5
volte,1
smh,5
52%,1
taken,8
tracking,1
factory,51
digital,2
nevera,1
microphone,14
geting,2
knocks,2
agust,1
afraid,14
preformance,1
s3,4
desire,1
accidentally,1
difference,5
trashed,2
shippingcalled,1
dusty,1
awkward,4
voicemail,6
dial,4
drop,6
name,4
allwould,1
strange,5
fonts,1
everybodies,2
reputable,2
idol3,1
e,1
appears,8
cos,4
plugin,1
scams,1
warn,2
great2,1
pop,1
replacements,2
texting,6
firmware,1
july,7
looks,28
term,1
peopleyou,1
appearance,8
kong--the,1
unprofessional,1
figure,10
web,4
aware,2
tile,2
expense,4
immaculate,2
packaged,5
borhter,1
moter,1
purchasing,16
this1,1
omg,1
retrieve,1
officially,1
generation,1
"you""",1
well,96
seller's,3
nonexistent,1
system,12
suspected,1
complaining,1
four,2
jerked,1
knows,3
figured,4
category,3
performs,1
refunded,3
$400,1
messed,9
gotten,8
crappy,2
onesunless,1
flat,1
wish,18
cnm,1
thru,6
please,30
seriously,10
5%,1
basic,1
flash,3
dlls,1
clerk,1
informed,5
what's,9
marked,2
wire-,1
granted,1
flexibility,2
responded,4
gran,2
workbut,1
formidable,2
wait,20
ordered,54
years,23
malfunctioning,4
israel,1
granddaughter,2
calendar,1
covered,5
jammed,3
empty,3
area,2
alli,2
understand,24
apologies,1
evaluate,1
used---i've,1
nowadays,1
vibrating,1
impression,1
you're,9
negates,2
holethe,1
hunalfi@gmailcom,2
final,5
offthen,4
japan,1
insurance,2
gate,1
locked,70
blockedand,1
single,5
bougth,1
unit,6
pages,3
minute,4
headache,2
fraudulent,1
power,59
avoid,2
44,1
prompt,1
3g,20
obviously,3
sprint,51
cosmetic,3
chargenot,1
timei,1
overheating,2
honest,2
story's,1
sons,3
worcester,2
scale,2
fatigue,1
phone>,1
activated,40
liarswish,2
bent,3
screenshots,1
regularly,7
nasty,1
touching,1
reputation,1
defected,2
flew,1
cheap,25
beautifulit,1
many,17
sturdy,1
old,64
lights,2
there's,5
korea,2
cute,1
emitting,1
cellmania,6
gig,2
told,72
"iphone""3",1
thats,3
beef,1
borderline,1
listed,11
=,2
proximity,2
somewhat,5
effected,1
provider's,1
"""this",4
names,2
60%,8
phonetext,1
comprenfirst,1
5i,1
somebody,4
complicated,2
proprietary,1
gifts,1
es,2
detecting,1
stops,3
recipient,1
canâ€™t,2
echo,2
heat,2
got,177
dodr,1
remote,1
acquire,2
react,1
imperfections,1
retail,1
picked,5
map,1
goes,24
stay,32
r,1
blanks,2
pass,7
shortening,1
everyb10,1
agowhen,2
ithe,1
wusten,1
provided,3
chatting,2
average,4
niece,4
'i,1
upkeep,6
hull,1
outlets,1
december,7
wall,7
outlet,2
likely,7
charging,42
corners,1
advert,2
store,88
scratches,26
upcoming,1
3-5,3
fine,20
rises,1
applied,1
quick,11
wit,1
maintain,1
iphone4s,7
plug,10
goodbut,3
heyyou,1
illustration,1
one,336
ip,1
really,103
1000,1
waiting,11
v,1
includes,1
manufactured,4
breaks,2
blinkthe,2
verify,3
sellerpretty,1
hidden,2
realized,8
boxi,4
void,1
order,56
iphonethe,1
accepted,1
hasn't,6
refuse,1
melted,3
oneits,1
shape,4
skeptical,2
rom,5
digitizer,2
exchanged,1
i-phone,1
slick,1
isnt,1
at&tnogive,1
lack,11
[]the,2
inordinately,1
pooer,1
usedotherwise,2
18,2
include,2
properl,2
movies,2
ontherefore,4
10%,2
tone,3
lots,6
lasted,13
none,5
bummed,1
severely,2
meid,1
worksbutthe,2
extremly,3
headphone,7
workthe,4
matters,3
sticky,6
upgrading,1
they'd,2
mint,3
felt,15
feels,4
usual,1
unpleasant,1
149,1
tunes,1
replace,38
2mp,1
spontaneously,1
authorized,2
stars,50
accessory,2
carrier,34
overheats,2
nowhere,1
services,3
secret,1
factorthe,1
90%,3
unlockedmetro,1
himi,2
sos,2
12gb,2
moment,7
gsm,16
thoughsome,1
hs,1
contacts,4
able,23
anythingdo,1
goat,1
edge,1
nstalled,1
warranty,42
seas,4
revert,1
underneat,1
coats,1
internally,3
dots,1
market4,1
visible,1
extra,8
genuine,2
swap,1
five,9
inspect,3
paying,12
abroad,5
solve,12
cash,3
2003,1
ratings,2
$500,2
frozen,1
fades,2
whit,3
2gnot,1
5s,7
session,1
word,4
decide,3
bid,2
trash,5
humped,1
3g2,1
instant,1
version,16
away,25
falsely,1
security,3
facing,4
responsable,2
processed,1
clients,1
polite,1
label,7
condition,54
recall,2
call,51
fixing,3
problembut,3
dumb,2
simplicity,1
usually,4
blinking,2
selfies,2
carry,2
owner,17
iphone,368
ie,2
hold,59
"""company""",1
ofrezco,2
drawback,3
inc,3
state,5
clean,7
somehow,3
silicone,1
cant,28
useoverall,1
waiter,1
however,54
t-mobil,1
payment,2
dollars,19
functional,13
shut,27
leads,6
registered,5
wirelessthe,2
situation,5
resell,2
seller,179
telling,3
shippingand,1
kids,1
constraints,2
64gb,2
stephen,1
claim,20
fearful,2
gain,1
workingi,2
featureon,1
constantly,22
spending,11
statisfaction,1
quality,55
chargekept,3
dealer,1
generally,4
they're,2
rating,13
passedit's,2
often,19
defects,2
"""we",1
fake,53
poop,2
roughly,1
thati,1
-_-,1
phone-less,1
per,2
complains,2
conditions,6
5c,8
poo,2
throw,11
report,1
associated,1
unlockednever,1
besides,9
for-quite,2
advertise,1
herei,2
stamp,1
lines,4
quick-start,1
manufactures,2
save,20
negativity,1
imitation,1
paper,1
dock,4
sitereview,1
throwing,1
begun,1
assistance,2
regrettably,1
againsend,1
allows,7
get,259
stupidity,4
bed,1
positive,6
ross,1
accessoriesthe,1
looking,14
improve,2
cell,46
worry,1
advised,1
artifacts,1
14869872would,1
sticks,2
"""warehouse",1
rca,1
detemine,1
--but,1
behind,4
saves,1
chose,6
suppliers,1
motolenovo260,1
prossuper,1
article,3
raw,1
inputted,1
34,2
23500,1
select,1
highly,6
orderingso,1
dayoften,2
hang,4
23rd,3
"""hey",1
nonfunctional,2
recharge,5
apperantly,1
fee,5
son's,2
blips,3
lousy,5
tambiÃ©n,2
returnavoid,1
equipment,4
tray,11
himby,1
inbox,2
shot,2
gift,57
usable,2
ther,2
ahead,3
atrocious,1
spoiled,3
conversations,3
lot,43
staff,2
hesitant,1
comercial,1
paralizado,1
-update,1
"deals""",1
military,4
bringing,1
meek,1
fun,1
uber,1
respect,3
cracked,16
metallic,1
not,1174
signs,4
encased,3
8gb,5
comenso,2
confusion,1
making,10
connect,32
wet,2
fire,2
loose,3
scratched,20
80$,1
life,57
task,1
shrink-wrapped,3
faults,1
tones,1
choose,1
dissapointed,2
acting,2
abusive,1
decription,1
frequently,4
tube,2
team,2
alert,1
long,111
hong,1
closed,6
walmart,5
payments,1
normal,5
360,4
goodthe,1
horse,2
cancel,2
waze,1
3d,3
sow,1
dang,1
loading,1
realize,3
itit,3
senior,1
alone,14
"screen""security",1
disappointedthis,2
stop,10
gotteb,1
hipster,1
slip,1
millions,1
needed,28
everyone,8
radio,3
suppose,5
ihelpthank,1
toast,1
anymoredixon,1
loses,4
deadline,2
qualify,1
bars,2
gonna,6
itemthis,1
image,1
listened,4
meustedes,1
nano-sim,1
offer,8
tried,64
thus,5
batterystill,1
beiber,3
treat,1
lg,4
wife,15
phone's,10
"""mistake""",3
disregarded,2
bubble,5
misleading,3
levani,2
alwaysstill,1
teenage,7
accurate,2
review,25
reliability,1
appeared,7
purposes,2
shift,1
clone,1
second,40
push,7
straighttalk,7
ancient,3
infrastructure,1
brought,9
thatï¼š013189006597997,1
units,1
approx,2
edit,1
ripping,1
hence,2
coverage,2
claims,2
lose,5
worldwide,1
responsive,1
tends,2
otro,2
it4,1
1hoir,1
convenient,3
b4,2
bother,9
banking,1
that],2
changed,11
180,1
"worldwide""",1
repurchase,1
sweat,1
seals,1
impossible,6
randomly,52
technician,4
indicated,1
seeing,2
baffled,1
engage,1
do3,1
corner,10
repackaged,2
shocked,3
aflter,1
burned,2
minisimi,1
mean,10
manual,5
reembolseme,2
deserve,1
hurted,1
chager,1
minor,13
giving,10
certified,14
faultit,1
heard,7
notch,2
money,203
"wireless""i",2
consider,1
means,5
janeiro,1
syncing,1
watching,2
hoops,1
3gs,12
riding,1
checking,3
conference,4
death,3
oc,1
$2999,1
lenovo,2
intermittently,1
manager,1
movie,2
accuracy,2
possessed,1
1970,2
jip,1
worthless,12
--its,1
censorship,1
brand-new,3
street,1
drawn,2
casing,3
compromised,2
dexterity,1
4-5,3
serious,5
powered,5
error,4
25,3
batteryonly,1
dealing,3
clip,4
exigo,1
tankbag,1
expired,2
tuned,1
reality,4
scam,7
$10,1
determination,3
headphones,21
$67,1
party,5
les,1
vertical,2
non-removable,1
lifted,1
doomed,1
logo,5
dikembe,1
reach,2
placesthe,1
assist,7
vary,3
physically,4
chunk,2
properly,34
unstable,1
obsolete,1
thrown,3
"""i've",1
branded,1
tightened,1
hotspot,1
"""like",7
fluctuating,3
busted,5
ability,4
denied,1
backwith,2
deficient,1
enough,14
speakerphone,9
telecom,1
adds,9
outlines,2
extremely,31
poor,46
re-seller,1
online,11
fuckyouï¼sb,1
usage,8
loop,2
wereprobably,2
wouldn't,60
e-mails,2
release,3
exhausted,3
badly,11
ran,3
newï¼Œ,1
sloppy,1
remember,3
odd,2
said,110
issuehave,1
repair,17
oder,1
tricki,1
lie,3
35,1
chargers,2
price,39
programs,1
seems,24
kid,3
deliver,6
ann,2
mail,7
answering,7
plays,1
accessories,23
badso,1
mislead,1
lagging,1
quedaba,1
u,17
insulted,2
scheptical,1
12,8
thereafter,3
market,1
supposition,1
advertising,17
heaven,1
daily,1
warranties,2
connected,20
excess,1
neutral,1
blue,12
counterfeit,2
capabilities,1
hurry,2
communicate,3
mid,2
houri,4
draining,4
workmanship,1
4g,10
prefer,2
wonder,5
otheroverall,1
leary,2
provider,9
rosstaverified,1
64bit,1
false,29
dies,31
30bucks,2
awhile,1
pain,1
5mp,1
feeling,1
resetting,3
yearsand,1
ahold,2
activate,58
minus,1
applies,2
goodsince,1
cameras,1
tuesday,1
260,1
ten,2
near,6
$,3
neg,1
safari,1
dates,3
joke,3
recibieron,2
sooooo,1
sat,1
replacement,38
point,12
sleep,2
la,2
thin,3
processing,2
experiences,1
chargethen,1
stands,2
weak,12
stood,1
platforms,1
they've,1
treated,2
peru,1
livable,1
disconnected,1
apart,3
mad,3
respond,15
mention,7
rude,5
easy,11
photo,4
towers,1
statetd,2
"""i'm",1
recommend,57
frustrations,1
glitch,3
accessibility,2
ios704,1
onebad,1
dose,1
cellularstream,2
company's,1
quirks,3
requires,3
micro-sim,1
upfont,1
delays,2
gets,17
filthy,6
reviewssome,1
source,1
guidethen,1
crusted,1
ecstatic,1
fight,1
16,8
itstay,1
"""frankenstein""",2
talk,21
dirty,9
horribly,5
upbut,3
remembered,1
endless,6
subjected,1
hadn't,2
repairable,2
issued,2
disappear,1
consulted,1
standards,3
mi,3
abruptly,3
connects,1
steve,1
tweezers,3
cedar,1
body,8
5-8,2
vibration,2
gbs,2
sistema,1
flashing,1
fool,2
considering,6
awful,31
dud,1
earphone,2
vendor,12
along,7
anyone,28
70%,6
night,7
delivered,12
certainly,1
hitting,1
friends,7
beautifulconscamera,1
minuets,2
hopefully,6
painful,1
dinero,2
con,7
sadness,2
ordering,10
blown,6
liberals,1
focus,1
rebooted,2
days,81
guzzler,1
fullit,1
functioning,3
provide,10
improperly,1
teenager,3
addt'l,3
moneybig,1
draft,1
giftcard,2
wont,10
incase,1
contactig,1
supplyed,1
return,144
games,6
grayed,4
transformers,1
ring,7
repairman,1
realised,1
"""on""",2
explain,1
wouldnt,2
ac,1
send,68
camerathis,1
699,2
find,51
32,11
devicei,1
era,3
tear,2
talkğŸ˜ ğŸ˜ ğŸ˜ ğŸ˜ ,1
e-passion,1
indicates,1
dying,9
incompetent,3
test,7
else's,2
backwards,1
indoor,1
door,1
pics,2
sounds,1
actual,5
couldn't200$went,1
went,70
terms,1
ravine,1
percent,11
muchit,1
aren't,2
done,8
router,4
upgrade,18
acceptable,1
sooooooo,1
barely,15
commitment,2
junk,24
ios,18
feature,9
chance,8
specilday,2
viene,2
13,2
costed,1
drain,7
inconvenience,4
38,2
$300,1
common,5
think,44
past,11
translated,1
suggestion,1
atm,1
protection,4
greatness,1
6s,2
relived,2
helped,1
fat,2
email,18
at&ts,1
24,2
computer,7
unplug,3
frustrates,1
drains,2
obervations,1
might,10
chassis,1
sit,2
guidethe,1
19th,1
band,4
initiating,1
instruction,1
applications,2
printed,1
"""won't-fix""",1
makes,15
itthis,6
$50,3
repeatedly,2
wifi,77
shuts,19
euros,1
software,20
dime,2
manufacturing,1
hav,4
costoso,1
could,138
europe,3
cables,1
option,10
tech,1
block,5
dos,2
grave,2
phonethe,2
lifeis,1
ejection,1
"""s""",1
cheaponly,2
johannesburg,2
care,17
shame,6
dented,1
choice,3
recevied,1
adapter,8
times,51
says,36
convinced,2
wipe,3
required,6
owners,1
enforce,1
quarter,1
standby,3
come,52
occasion,2
sorry,21
details,1
blink,1
incident,3
discount,1
hassles,1
leaves,2
throughout,1
sack,1
tomanufacture,1
cruddy,1
husband,15
iphonesupossed,2
took,93
september,3
simultaneously,1
somethingcuts,1
yo,1
comments,2
"""sorry",1
vino,2
august,5
blamed,1
exact,1
lte,3
recommended,4
"friday""",1
complain,2
reading,13
misrepresented,1
window,9
[not,2
calledwhere,1
abou,2
gone,9
repaired,4
laughably,2
gaming,1
traded,1
blew,3
continued,2
legal,3
<it's,1
issu,2
comprar,2
accusing,3
statsno,1
sunlight,1
depressed,2
eligible,4
continually,8
unlock,63
crap,23
fc,2
setup,1
plus,8
score,4
arrival,8
related,1
manufacturer's,2
payg,1
morethis,1
excessively,2
indicate,8
#,3
dot,1
policy,5
personally,4
sticker,6
technologically,1
parents,2
dollar,3
conserve,1
$14300,2
androidpicks,1
replacing,6
kit,5
clearing,4
baterÃ­as,2
newsignificant,1
upleasant,1
trade,5
icons,3
cmdagsm,1
speakers,40
caribbean,1
lame,1
whitout,1
item,55
refunding,3
blacklisteddd,1
upgrades,1
getand,2
"100%""",3
states,1
utter,2
mentioned,6
issuesdelivered,3
dropped,20
pretty,33
deals',1
thisissue,1
x's,1
aloud,1
step,3
hair,1
sad,17
seler,2
didnt,23
wasting,9
partition,1
mins,8
liedï¼Œand,1
thousands,1
iti,7
seattlecellmarket,2
than,152
connectors,1
cold,1
picture,17
plugged,19
disspointment,1
sure,14
lawsuit,1
twitter,2
account,17
napkin,1
"""loose""",2
lemonswaste,1
looses,2
liar,1
hiking,1
froze,11
tact,2
died,22
flexible,1
advantage,1
littered,2
excused,2
whoever,4
cancelled,1
freaked,1
missionary,1
major,4
gut,3
motherboard,1
failed,23
addit,2
promotion,1
botton,1
travelled,2
ambidextrous,1
warrantythe,2
characters,1
module,1
$17600,2
hours,72
unnecessary,2
christmas,13
40,3
$132,1
screwed,1
contacting,5
excellent,2
dont,25
betterthis,4
vnc,1
arrived,48
hdr,1
synced,1
programed,1
letdown,1
19,2
sastifecho,1
finger,5
non-original,2
unsatisfied,5
guys,6
easily,2
ship,6
bestbuy,1
awfully,1
technical,7
win8,1
tiny,1
m8,1
bono,1
handles,1
batteryi,1
house,2
first,56
swelled,1
htc,4
fraud,1
"party""",2
vendors,2
plan,11
hifor,1
frustrating,19
add,3
plunged,1
hereby,2
girl,1
raised,1
basically,11
sense,1
gimmick,1
anybody,1
inadequate,1
battery-,1
rebooting,3
niether,1
tres,1
nuebo,2
sends,4
outside,16
m2,1
wasted,26
type,8
talked,2
suddenly,7
didn't,126
experienced,1
adjusted,1
eligable,1
1-star,4
merging,1
hd,3
load,11
mdns,1
inthe,4
gliche,1
defective,27
marriage,1
can't,98
english,9
expect,14
torch,3
empezo,1
yeah,2
90,4
unexpectedly,2
out-of,1
mini,7
systemwhich,1
hits,2
icound,1
pods,1
series,1
neat,3
jacked,2
activating,6
liked,1
stem,1
operator,2
double,2
overpriced,2
toy,1
operational,1
six,1
countries,4
rest,2
yellow,4
unhappy,25
chargei,1
fuctional,1
"""certified",2
leave,7
mentions,2
fever,1
pulling,2
regular,5
-_-what,1
cradle,3
2weeks,5
erased,1
cuts,7
estafaron,1
enviÃ¨,1
200$but,1
floor,2
codes,1
wow,1
selling,15
yet,18
compare,1
music,20
packing,1
spins,1
defender,1
install,4
circle,1
strip,1
player,2
us,22
offline,1
peel,1
yesterday,6
retur,1
sim,122
doesnt,9
refreshed,1
october,4
buy,218
kindergarten,1
reasoni,1
prepaid,5
$75,1
cons,1
telÃ¨fono,1
application,2
solutions,6
isbrokenï¼Œthe,1
recourse,2
appreciated,1
themhopefully,1
otterbox,6
lemon,2
shall,3
echoing,1
everywhere,1
india,5
promised,18
surprised,4
smartphones,1
populate,3
becuz,2
incompatibility,1
transfer,3
whereas,2
check,33
partially,2
much,52
receive,45
streaming,1
alcatel,23
marketing,2
karma,2
around,16
consumers,1
bc,4
place,10
oneï¼Œand,1
centerthis,1
supposed,26
pricelove,2
100,4
heating,1
araÃ±azos,2
"""used""",2
p[purchasing,1
wrong,81
producto,2
wakes,2
knew,6
angles,2
recieves,3
chunck,2
compensate,2
shocking,2
happen,11
monthhowever,1
look,19
tiene,1
username,2
built,3
cutting,5
printer,1
altered,1
back,220
define,1
theoretical,1
respondienron,2
702,2
downloads,4
cheated,6
four-year-old,1
sounding,1
warning,3
dice,1
november,3
exposed,1
difficultã€‚so,1
sent,78
wary,4
three,23
removing,3
win7,1
taking,9
live,11
6$,2
directly,4
holiday,1
inwaste,2
non-intuitive,1
rec'd,1
hasnt,3
fortune,3
sleek,1
sale,3
hour,30
directional,1
nuevo,1
runto,1
breaker,1
snapdragon,1
"""metro",1
pcs,4
phones,92
search,3
work,352
rarely,2
blatant,1
several,30
easilyplease,1
forgo,1
havent,1
recheck,1
"service""",1
knock-off,3
virus,5
'''this,1
awayas,1
logic,2
assume,2
ridiculously,3
make,90
emailsover,1
comparable,1
prices,3
goods,2
adjust,2
tampered,2
returnÂ apple,2
posts,1
simply,5
colors,3
don't,184
leaving,5
fallar,1
response,11
lastly,3
"""unlocked""",2
matter,5
man,5
employee,3
reviewing,2
scheduling,1
performed,6
solving,2
excited,11
inspire,2
discription,5
question,2
colombia,2
blacklisted,3
preventing,1
wanted,24
"""pig-in-a-poke""",1
goodsit,1
reburbished,1
deep,1
stereo,2
erroneous,2
damage,26
machines,2
browse,2
purposefully,1
messes,1
placed,8
records,1
information,23
machine,1
color,10
available,2
resurrecting,1
solution,7
download,12
zero,12
downgraded,1
depreciation,1
needless,5
birthday,17
$70,1
mobile,43
forced,2
barrel,4
amazingly,3
uk,1
rio,1
addresses,1
received,115
gms,1
rugged,1
pissed,8
ğŸ˜­ğŸ˜­,2
italy,1
"hardware""",2
returned,73
carriers,5
edited,1
mÃ­,2
rep,6
probably,17
usablei,2
accounts,1
accessing,2
luckily,2
slightly,6
specks,1
discharged,2
enter,1
keys,5
amazon's,2
phoneis,1
command,1
disastrous,1
page,7
shockedi,2
general,1
argentina,6
kinds,2
left,19
pushed,1
witch,2
hiccups,1
without,43
ever,66
thingy,3
diffult,1
neww,1
ain't,1
crashed,6
serve,3
travelling,2
decision,1
workingthe,1
bash,1
pronto,1
lil,4
damages,1
res,1
pleas,2
differently,2
sell,34
downloading,3
deception,3
guy,15
letters,5
callscreen,1
turning,16
additional,4
usada,1
kik,1
thatlike,1
piss-poor,1
progressively,1
2011,2
16gb,14
location,2
errorthis,1
canot,2
countrywhen,2
helpless,2
consistently,2
32mp,1
"""refurbished",1
learned,5
$90,3
pulled,4
damagebut,1
mei,1
peach,3
recieved,6
twitterfreakin',2
helpful,1
cost,14
verizoni,3
explained,2
ihpone,1
sellers,4
knowing,7
announce,1
costsbecause,1
receiver,3
automatically,3
outrageous,2
either,31
amazing,4
awesome,1
boycott,1
chinglish,1
150,1
lived,2
isthere,1
informs,4
conversation,2
faulti,1
reboots,1
charge,196
stuck,16
rootingphone,1
wash,2
havimg,3
options,6
access,10
photos,3
ok,2
relief,1
seemingly,1
consumption,3
restarts,3
handset,1
goodgreat,2
centipede,1
confirm,1
problemi,3
esa,1
yr,4
year,31
currrently,1
local,6
million,1
4show,1
garbage,18
"""incl",1
followed,3
corrected,1
unplugging,2
father,3
purchasewhat's,1
janurary,4
mutes,2
videosno,1
sending,15
dials,1
tmobile,5
couldn't,50
mr,1
"unlocked""",1
sketching,1
grainy,1
screen,231
miss,8
vantage,1
itcurrently,1
"up""",1
technologyanother,1
say,59
still,82
timely,3
deleted,5
become,7
tough,3
fast,19
function,12
selfie,1
front,7
badlysim,1
port,10
sync,2
led,1
warehouse,8
supports,3
telephony,1
obvious,5
line,14
buzzhum,2
om,2
itemyour,1
greetings,2
landed,1
genius,3
bk,2
holding,8
hate,42
n't,1
loss,1
moving,4
removable,1
dangerous,1
unknown,1
folkssomewhere,1
scrach,1
already,38
primero,1
item's,1
particular,4
kept,22
asking,3
$us67,1
outi'm,2
operation,2
receiving,16
powers,4
intended,1
bootlegged,1
bloatware,2
iphone5,1
input,1
seriouslyif,1
town,3
plain,1
negligence,1
acct,1
nationwide,1
116th,1
dischargeddoesn't,1
thoroughly,2
loud,8
simm,3
inerdz,1
monthsthis,1
noone,1
limit,1
cannnot,1
attached,5
tries,5
initially,1
low,24
expectations,10
displeased,4
straw,2
belong,1
17,2
mind,5
utem,2
express,1
taping,1
q,4
l,1
alluminium,1
embarrassing,1
marketed,3
seria,1
identified,1
threw,4
authenticity,2
grandson,1
wicked,1
flaws,3
"carrier""",2
devicesotherwise,1
mile,1
64gig,1
bien,1
cover,10
7th,1
cause,12
programming,3
"""cheaply""",3
tomorrow,3
mess,3
webpage,1
way,60
nunca,1
attrition,2
replica,1
controlled,1
inside,9
brook,1
ton,1
aolcom,2
fari,4
handgood,1
drove,1
metro,2
sonangry,2
reinstall,1
stored,1
slack,2
replaces,2
runs,8
peace,5
transferred,2
dropping,3
seen,2
nokia,4
shock,3
hint,2
6200,1
peddlers,4
returnmy,1
needs,11
comes,17
example,1
inexpensive,2
earn,1
fickle,2
deletes,3
rip,2
must,15
unresponsive,9
mailing,2
posted,5
stepping,2
hardware,4
itunes,13
despite,17
phonei,3
nice,10
upsetting,3
sticking,1
pencil,1
110,3
yes,2
useful,6
15,11
someone's,2
wonâ€™t,4
housegreat,1
navigatethe,1
badwifi,1
2012,3
def,1
order'so,1
deals,3
unblocked,6
batterythe,1
itseld,2
cantidad,2
happened,7
batt,3
housing,2
frame,1
siri,7
champ,1
require,3
shipment,4
worth,16
texas,2
doesn't,121
establishment,2
50,6
somewhere,7
publish,1
metal,4
1%,5
mom,6
take,54
anal,1
hesitantly,1
headlines,1
feel,14
de,16
hard,48
suite,1
marred,1
outdated,7
imagerca,1
watch,3
eyesight,3
$180,1
updated,4
baterÃ¬a,1
establish,1
restocking,1
listing,4
diferent,1
random,18
act,4
tolerates,1
wrote,9
backlight,2
userproblems,1
obligate,3
next,22
r11finol@hotmailcom,2
antiquated,1
description,31
podÃ­a,2
lovers,1
sensor,5
simplify,1
undoubtedly,1
pay,52
por,1
wearyellowing,1
hadit,1
savvy,1
straight,16
items,5
appsso,1
connections,2
facebook,5
sido,1
a16gb,2
resets,3
at65,2
foreign,4
ğŸ‘ğŸ‘ğŸ‘,1
boton,1
lender,1
mass,4
rate,9
process,17
issues,50
stripped,4
"market""i",2
fulfilled,5
stock,2
pathetic,7
fail,7
phoneafter,2
instantaneously,3
published,2
reached,2
swindlers,1
400,1
unless,23
stayed,2
20%,3
speed,5
accordingly,2
reasons1,1
isn't,19
1080,1
messing,3
ended,15
similarly,3
callsand,1
simulator,1
cool,4
worried,1
silenced,2
except,13
route,2
uses,3
book,1
$109,1
remove,11
"""no",1
correct,9
eurosand,1
smell,1
mileage,1
caller,1
onei,1
"""senior""",2
came,104
experiencing,6
smartphone,4
continuosly,1
exchange,3
alternative,1
onh,2
4s's,1
lastly--it,4
boise,1
premium,2
text,24
stream,2
barcelona,1
irritates,1
outthey,1
perfectly,1
serves,2
itand,2
visually,2
ha,1
risking,1
pictures,25
persons,1
portal,2
ware,2
bubblewrap,1
flushing,1
verizon,167
moved,5
long-time,1
cut,3
purple,3
places,4
partsdo,1
telefono,2
tool,3
priced,2
possibly,9
register,6
productthe,1
reconsider,2
malfunctioned,2
ur,1
-,70
keeps,9
hereproduct,1
fixex,1
subsidiary,1
crusty,2
designed,1
recommendsee,1
bend,1
history,1
knocked,1
mark,1
cousin,3
protector,5
terrible,60
height,1
capability,3
attorney,1
agout,1
refurbed,4
consideration,1
features,5
issuewould,2
beware---cutting,1
travel,1
she'll,1
shipped,7
handled,3
erratically,1
presented,4
exchanging,1
asÃ­,2
retured,1
buds,1
mode,7
2g,3
instance,1
againif,2
t-mobile,41
installing,1
endemic,1
iphone5-,1
exactly,4
advertisingphone,2
miserable,1
like-new,1
promptly,4
"""rooted",1
unlocks,1
interface,1
illegal,2
alot,7
forgotten,1
ecelent,1
edges,5
boost,1
tied,1
hi,1
devices,4
reason,21
gen,2
mouse,1
"""emergency",1
intuitive,1
cleared,3
regret,7
international,3
malfuntioned,1
inopportune,1
"say""this",2
simi,1
bough,2
david,1
descent,3
job,4
insist,2
batteryvery,1
functionality,3
tendency,2
true,3
stopping,1
using,53
occasionally,1
functions,8
hope's,2
result,8
unprofessionalwe,3
phonesbeware,2
sells,2
program,3
cellular,5
action,3
decomposing,2
abiut,1
met,2
pos,3
reasoned,2
seem,7
searching,8
vegas,1
battering,1
"""issues""",1
customers,3
etcgreat,1
hangs,3
sd,6
cytus,1
lcd,2
trusting,1
moto,3
blocks,2
iphone4,2
proceed,3
seniors,2
technicians,4
conceal,2
arrives,6
pjone,1
im,15
electrical,1
list,8
disappointing-,2
keyboard,7
across,2
keeping,2
work3,1
shield,2
full,29
"""used""on",2
nuts,2
phone--,4
desparately,2
ones,14
warned,3
website,8
loads,1
$68,1
instructions,14
parts,10
demand,1
chipped,3
8mp,3
normally,6
various,3
spots,5
360mobile,2
shipping,25
least,29
phoneat,1
searched,2
acts,3
f,1
following,4
manufacturer,3
central,2
911another,1
necessary,3
understanding,1
two,89
30%,8
2011and,2
decided,6
jobs,1
hello,2
altogetherif,1
phonekeep,1
thatvsays,1
emergency,5
reset,17
google,15
funky,1
ands,1
8th,1
maxi,3
"new""",10
noticed,19
disrespectfull,3
unloocked,2
oh,7
inconvenient,3
loaded,1
84,1
ratinghow,2
damaged,19
discoloration,1
painfully,1
expectation,7
form,7
soooo,1
surely,2
believe,15
background,4
new,240
nexus,1
setting,8
bezel,2
diabolical,1
star,21
timebut,1
$100,11
slot,15
trap,1
noise,2
screened,1
pressing,2
causing,6
dark5,1
solid,5
accesories,4
less,63
alright,2
curious,2
lens,3
en,1
inquiry,1
even,184
droid,4
otter,4
flaky,1
pack,2
"play""",1
tons,1
98,1
itthe,4
charges,9
hates,2
completely,45
waited,5
cells,2
"""quag's",2
talkthe,1
alittle,1
llego,4
recent,3
scrapped,1
clock,1
tells,3
goodsfeeling,1
wear,3
quickly,18
properlyeven,2
"face""",1
itune,4
nervous,2
telcel,1
second-hand,3
uninstall,1
phased,1
workworst,1
agree,4
hope,17
use,195
unfair,1
listen,9
boooooooo,1
decently,1
disclose,1
strait,3
i'm,116
onas,1
youim,2
"""defective",2
cycled,1
for-,3
expecting,7
m1,3
compleatly,1
stratches,5
maxed,1
usedlockedi,1
cellphone,9
stopped,67
direct,1
terrificthe,1
malas,2
upon,11
daughter-in-law,1
apparently,9
cannot,45
â€‹â€‹the,1
deceiving,1
non-existent,2
turned,31
gigs,2
hell,3
light,10
26,4
>>,1
telephone,2
deal,12
childhood,1
"""unlockedworks",1
needing,1
acceptmy,2
$19900,2
immediately,12
today's,1
ver5,1
thought,26
careful,13
cel,1
hangup,1
65,1
thatthis,1
andeven,1
fixed,20
holidays,1
clarity,1
possible,11
&,22
costs,2
digit,1
lasting,1
offered,4
gigor,1
durability,1
fact,25
providers,1
bin,3
detect,1
sign,2
responce,3
complex,2
part,23
resolving,2
starting,2
concern,1
para,5
acctually,2
jack,10
stores,3
current,3
silent,3
sometime,2
bills,1
stating,1
verison,2
brand,34
exist,1
ğŸ¤,1
toddler,3
goto,1
words,1
appear,7
ray,1
answer,10
nov,1
switching,1
re-bootingthe,1
decepcionado,2
april,4
we've,1
lied,3
launches,3
"refurbished""",4
housethis,1
repairtwo,1
logs,2
renovatedthe,1
sin,2
walking,1
vol,1
uncomfortable,2
hater,1
discontinued,2
opposed,2
updates,7
disappoint,4
deceptive,2
mostly,5
kicking,1
product,202
instead,21
dust,2
contract,4
flashlight,1
energy,1
relative,2
third,6
starall,1
gato,2
16%,2
capable,3
earpiece,5
"network""",1
aligned,1
overcome,1
os,7
"""more""",1
baited,3
far,25
believed,1
requested,5
quiet,2
sadly,5
internal,12
sprint's,1
camera,65
fhone,2
connection,8
computerthe,1
slipped,1
rear,1
month,55
responsible,3
happend,2
belongs,1
upthe,2
best,2
a850,3
twenty,2
meets,3
translator,1
together,3
something,45
continuously,6
lightgreat,1
daughter,17
lado,2
beyond,5
phons,1
jumps,1
forth,3
samsung,12
techniques,2
tracphone,1
fragile,1
amzn,2
agreed,4
build,1
need,60
crack,9
flashed,2
change,41
stage,1
bff,1
alcatel's,2
"""factory",5
centers,1
pixels,1
rooting,1
latter,3
smoothly,1
speaker,61
bar,3
whatever,4
gamble,1
nearly,3
company,47
bad,391
ruining,3
black,54
muffled,1
released,8
las,1
nothing,40
holder,2
mute,1
169,2
pick,7
school,1
prior,3
sload,1
editing,1
at&t,58
700mhz,1
manufacturers,1
super,18
"""nice""",1
package,15
daughters,11
itdefectivei,2
thank,24
thick,1
purchases,3
established,1
producing,1
tlf,6
productmust,4
pad,3
specified,2
windowwith,1
supposedly,3
different,27
becaus,1
rather,5
starts,1
1,33
inspection,3
onto,6
32gb,10
ipad,14
turn,81
closing,1
ipad3,1
proven,1
may,29
represented,1
productsim,3
los,2
phonehoping,1
tell,18
lightning,2
anymorei,2
coz,8
navigate,2
main,5
going,49
social,2
earphones,2
entering,1
comparing,3
profile,1
could've,2
shady,2
recording,2
'smart,1
correctly,9
shutting,2
unacceptable,7
chargingi,1
productshad,1
advertises,1
backplate,1
meet,13
boyfriend's,1
overall,20
stickers,3
3000,4
bought,239
screams,1
bottom,18
rival,1
hookup,2
putting,2
existent,1
workingseems,1
approach,1
unneeded,1
phonethen,1
cdma,7
sick,1
anythinh,1
tea,1
evidence,1
researching,1
una,2
temper,2
offon,1
gamesapps,1
defining,2
fiasco,3
freeze,5
compared,2
presents,4
everything,40
bothered,4
nerves,1
aluminium,1
installed,4
sucked,3
60,4
contact's,2
amazon,120
nada,1
sequence,1
disney,2
advirtising,1
embedded,1
paid,40
"phone""",4
upfront,2
fell,4
inventory,2
march,4
public,2
wasn't,39
rid,4
programmed,3
called,13
bandsstylish,1
lonely,2
volume,25
moneynever,1
greatcould,1
title,5
practices,2
cuz,3
eating,3
lags,1
substance,1
g,3
aand,2
corrupted,1
totally,24
spelt,1
moreover,2
serail,1
errors,1
buttons,27
does'nt,6
dead,65
document,1
satisfied,3
weird,8
incoming,5
$80,7
home,74
huh,1
discovered,9
it'll,3
definetely,3
macbook,1
give,53
compatible,20
becuase,2
networks,1
tablet,1
it`s,1
posting,1
station,1
landscaper,1
scratch,6
hassle,13
invoice,1
threatened,1
compliant,1
graduation,1
4x,1
unavoidable,1
"functional""",1
significant,4
cheep,1
reboot,3
adhesives,1
fidnt,1
nobody,3
concerns,3
ipod,4
weather,1
shattered,2
began,7
happening,4
itll,2
habia,1
fifty,3
usedrefurbished,2
importantly,1
repairreturn,1
moble,1
easilyupdate,1
stolen,31
ustedes,1
scamma-lamma-ding-donging,2
'have,2
"limit""",1
production,1
perticular,1
audio,9
conveniently,4
rejected,3
ignored,1
"""apple",1
everğŸ˜¡ğŸ˜¡ğŸ˜¡ğŸ˜¡ğŸ˜¡ğŸ˜¤ğŸ˜¤ğŸ˜¤ğŸ˜¤ğŸ˜¤ğŸ˜¤ğŸ˜¤ğŸ˜¤ğŸ˜¤ğŸ˜¤ğŸ˜¤ğŸ˜¤ğŸ˜¤ğŸ˜¡ğŸ˜¡ğŸ˜¡ğŸ˜¡ğŸ˜¡ğŸ˜¡ğŸ˜¡ğŸ˜¡ğŸ˜¡ğŸ˜¡ğŸ˜¡ğŸ˜¡ğŸ˜¡ğŸ˜¡ğŸ˜¡ğŸ˜¡ğŸ˜¡ğŸ˜¡ğŸ˜¡ğŸ˜¡ğŸ˜¡,1
messager,1
giant,2
14000,1
supplier,4
"""i",1
managed,6
top,15
n,9
z,1
faceitme,2
sucks,33
wrap,4
crevices,1
meeting,1
techs,1
hv,5
connectivity,4
appreciate,4
hundred,3
assembly,1
ugh,4
3rd,4
cuando,1
bugs,2
basics,1
stated,8
irresponsibility,2
post,4
meticulus,1
defectiveit,1
strictly,1
7's,3
negative,17
light-leakingin,1
yell,1
custom,2
intentions,1
loves,15
gives,3
ruined,1
expedited,2
302,3
whole,13
100%,18
complaints,9
ive,5
paralyzed,1
worked,84
rock,1
30,16
pre,1
inferior,1
fall,4
charged,38
conventional,1
fill,1
temporarily,1
talking,9
problem,114
recivi,2
alarm,3
noisy,1
glitching,5
aboutwhat,1
tribute,4
cards,7
trust,15
bind,2
ut,2
space,5
based,5
worseits,1
hournone,4
restarting,6
crashing,2
70s,1
purse,2
"""locked",2
human,2
wi,4
suggest,3
evaluates,1
annoys,1
prison,1
powering,2
120,2
difficulties,1
via,10
similar,4
grime,1
themfirst,1
heck,2
ffreeze,1
switches,1
cracks,2
hated,5
seemed,2
answersisinserly,2
road,2
newsi,1
okay,7
bring,11
people,53
diddle,1
min,5
costly,1
$45,2
fantastic,1
newly,1
we're,3
large,4
frozewouldn't,1
outstanding,1
ass,2
butit,1
touched,1
touch,30
research,4
go,54
workingwithout,1
unclear,1
5-star,2
tip,2
hook,3
kind,8
stubborn,2
pull,4
little,66
network,31
fear,2
adequate,4
girlfriend,6
beep,2
overnight,2
separated,2
city,1
stand,5
big,29
200,4
onthen,1
run,12
presses,2
30+%,2
struggling,2
scammed,3
perdi,1
asked,22
pops,3
plane,1
sweet,1
haveing,2
fan,2
dissatisfied,8
20-30%,2
wire,3
64-gb,2
unsent,2
forever,7
viruses,1
additionally,7
backmy,1
support,31
wordit,1
overwritting,1
invested,1
actually,23
proof,1
flicker,1
etc,9
airplane,3
boot,3
51,1
calls,68
coundnt,1
although,7
poorly,7
dried,2
scatches,3
icloud,4
fair,1
standing,1
tested,10
god,4
twice,15
trick,1
alsoprice,1
known,6
"""downloaded""",2
regularlyi,1
3-way,2
cop,1
"""bricked",1
trying,52
reps,2
thisit,1
funcionar,1
booklet,1
stuff,10
naveh,1
"""new",2
belgium,1
shoppers,1
proble3m,1
snapchat,5
backsigned,1
sound,16
perfectlyall,2
estock,1
contactedt,2
re-sold,2
moderately,2
war,1
till,6
"fee""",2
compact,1
period,6
rode,2
speedit,1
forget,1
day,99
suspect,2
heated,8
saving,4
admit,1
rendering,3
pushes,1
2day,1
expensive,23
03,1
sam,1
400$,1
data,16
caused,1
extreme,1
speaking,3
7%,1
techarvard,2
round,3
"""refurbished""given",1
crashes,4
connectionapple,1
manuel,1
time,191
almost,38
conditionit,2
13ghz,1
alcateltwo,1
shadow,1
mic,7
inch,3
ipad2,1
otherwise,6
electrocution,1
due,29
tab,1
beginning,12
reasonsthe,1
"cost""so",1
allowing,1
"iphone""",1
contact,31
drawer,3
assured,1
last,56
booster,1
cord,14
file,3
"""exploded""",2
risk,2
performance,10
e-mailing,1
unsealed,1
saw,6
carddavid,1
pool,1
amazons,4
grossly,3
"reset""",1
significantly,1
un,4
killer,1
existing,3
sometimes,47
face,10
requirements,1
everyday,6
wireovia,3
held,1
unsuccessful,1
80%,4
lounge,2
breaking,5
included,7
hoursthe,1
genuinei,2
unauthorized,3
bit,24
plastic,11
phonebad,1
popping,2
base,7
found,43
whenever,2
craigs,1
size,5
difficulty,1
networkthe,1
complete,15
mis,1
half,30
operations,1
january,1
7,11
discouraged,1
so-called,1
phoneripped,1
june,2
fakedmeaning,3
28250,1
requesting,3
anyways,2
refused,9
present,3
nowt-mobile,1
rebuilt,4
linux,1
jailbroken,1
re-order,2
laughing,2
specifically,10
screens,9
[sprint],1
press,12
torrenting,1
voice,6
wiped,2
stays,3
id,2
click,5
@,1
user,13
kicks,1
minimal,1
75$,1
shopping,4
unfortunatly,1
root,3
trading,1
reasons,1
arrive,6
forgot,1
continue,2
asha,3
useless,58
dirt,3
happywith,2
others,4
eventually,9
themi,3
lo,2
difficult,25
message,15
beat,6
currently,5
happy,11
forward,1
attempted,7
switch,9
poeople,1
usai,2
optimal,1
continues,1
opinion,2
sold,34
wide,1
glitches,15
initialization,1
stinks,2
match--such,1
usado,1
confirmed,3
brazil,6
instructed,2
limited,2
disable,2
earheadphone,1
craig,1
supported,5
seconds,5
reining,2
blackberries,2
touchy,2
good,85
generic,2
heavy,6
fedex,4
disconection,1
wrong1,1
newmy,1
unfuntional-,3
happens,8
%,3
w,11
silly,2
pro,1
recommendation,1
balance,1
boom,1
sont,3
drastically,1
unusable,11
returnso,2
law,1
caught,4
usd,2
beggining,1
perfert,2
pink,5
surprise,2
alas,1
espero,2
"""idol3""",1
reaches,2
knock,3
every,40
demo,1
addressed,1
fr,1
displaying,2
pot,1
imagine,1
delete,5
callstext,1
correo,1
stole,1
vendieron,1
spanish,2
mailbox,1
timeone,1
furthermore,4
promoting,1
bogus,1
deducted,2
checked,11
chinese,17
receipt,5
sender,1
68%,3
global,1
rated,3
whywhat,1
max,2
attention,1
log,4
wtf,2
averÃ¬as,1
signed,1
falls,2
air,1
g3,2
goodsyou,2
connector,3
financial,1
shrink-wrap,5
respuesta,2
right,26
useit,1
thingi,1
badunfortunately,1
bulky,4
start-up,1
hearing,10
articulate,2
scratchs,1
confiar,2
raise,2
edition,1
since,47
family,4
fault,10
unpredictable,1
building,1
reward,1
banned,1
numerous,4
terriblly,1
noticeable,2
sens,3
"trade""",2
28%,1
issuebecause,2
picking,1
engough,2
hints,1
solved,1
"hip""",1
chokes,4
pros,2
r11finol@hotmailcompensÃ©,2
$15,1
wasand,3
liers,2
$40,3
allowed,2
couple,24
75%,1
accessoryi,1
gov't,1
button,122
class,1
buyerbefore,2
technology,7
motorbike,1
would,285
"""oh",1
navigation,2
especially,10
beside,2
whatsapp,1
wasnt,6
48,1
break,8
disliked,3
5,61
looked,44
person,16
daÃ±os,2
didn,2
pristine,1
playing,8
truth,2
assuming,1
literally,9
reported,9
blurry,2
callstxtand,1
drained,4
marchas,2
within3,1
$60,4
devuelvan,1
compensation,5
info,6
tryin,1
cpu,1
toke,3
exists,2
eveything,1
orjust,2
numbers,5
failure,12
bye,1
83713,1
meaning,2
absolutely,17
50$,4
improved,1
"""locked""",1
purchase,91
record,4
toilet,2
"""new""",11
doesn`t,4
accountability,1
appit,1
